번호,Pair ID,Group Role,Candidate Cluster,Parent Region,Sample Role,Region,Task,Dynamic Keyword,Naver Search Query,Production URL,Current Engine,Naver Exposure,Exact Rank,Rank Bucket,Index Status,Result Title,Result Snippet,Thumbnail Visible,Checked Date,Checked Time,Notes
1,PAIR_1,TEST,강동구,강동구,PARENT,강동,탄성코트,"강동 탄성코트","강동 탄성코트","https://www.barumspace.co.kr/?k=강동-탄성코트",V1,PENDING_EXTERNAL_CHECK,PENDING_EXTERNAL_CHECK,PENDING_EXTERNAL_CHECK,PENDING_EXTERNAL_CHECK,PENDING_EXTERNAL_CHECK,PENDING_EXTERNAL_CHECK,PENDING_EXTERNAL_CHECK,PENDING_EXTERNAL_CHECK,PENDING_EXTERNAL_CHECK,""
2,PAIR_1,TEST,강동구,강동구,PARENT,강동,탄성코트시공,"강동 탄성코트시공","강동 탄성코트시공","https://www.barumspace.co.kr/?k=강동-탄성코트시공",V1,PENDING_EXTERNAL_CHECK,PENDING_EXTERNAL_CHECK,PENDING_EXTERNAL_CHECK,PENDING_EXTERNAL_CHECK,PENDING_EXTERNAL_CHECK,PENDING_EXTERNAL_CHECK,PENDING_EXTERNAL_CHECK,PENDING_EXTERNAL_CHECK,PENDING_EXTERNAL_CHECK,""
3,PAIR_1,TEST,강동구,강동구,PARENT,강동,베란다탄성코트,"강동 베란다탄성코트","강동 베란다탄성코트","https://www.barumspace.co.kr/?k=강동-베란다탄성코트",V1,PENDING_EXTERNAL_CHECK,PENDING_EXTERNAL_CHECK,PENDING_EXTERNAL_CHECK,PENDING_EXTERNAL_CHECK,PENDING_EXTERNAL_CHECK,PENDING_EXTERNAL_CHECK,PENDING_EXTERNAL_CHECK,PENDING_EXTERNAL_CHECK,PENDING_EXTERNAL_CHECK,""
4,PAIR_1,TEST,강동구,강동구,PARENT,강동,세탁실탄성코트,"강동 세탁실탄성코트","강동 세탁실탄성코트","https://www.barumspace.co.kr/?k=강동-세탁실탄성코트",V1,PENDING_EXTERNAL_CHECK,PENDING_EXTERNAL_CHECK,PENDING_EXTERNAL_CHECK,PENDING_EXTERNAL_CHECK,PENDING_EXTERNAL_CHECK,PENDING_EXTERNAL_CHECK,PENDING_EXTERNAL_CHECK,PENDING_EXTERNAL_CHECK,PENDING_EXTERNAL_CHECK,""
5,PAIR_1,TEST,강동구,강동구,PARENT,강동,아파트탄성코트,"강동 아파트탄성코트","강동 아파트탄성코트","https://www.barumspace.co.kr/?k=강동-아파트탄성코트",V1,PENDING_EXTERNAL_CHECK,PENDING_EXTERNAL_CHECK,PENDING_EXTERNAL_CHECK,PENDING_EXTERNAL_CHECK,PENDING_EXTERNAL_CHECK,PENDING_EXTERNAL_CHECK,PENDING_EXTERNAL_CHECK,PENDING_EXTERNAL_CHECK,PENDING_EXTERNAL_CHECK,""
6,PAIR_1,TEST,강동구,강동구,PARENT,강동,탄성코트업체,"강동 탄성코트업체","강동 탄성코트업체","https://www.barumspace.co.kr/?k=강동-탄성코트업체",V1,PENDING_EXTERNAL_CHECK,PENDING_EXTERNAL_CHECK,PENDING_EXTERNAL_CHECK,PENDING_EXTERNAL_CHECK,PENDING_EXTERNAL_CHECK,PENDING_EXTERNAL_CHECK,PENDING_EXTERNAL_CHECK,PENDING_EXTERNAL_CHECK,PENDING_EXTERNAL_CHECK,""
7,PAIR_1,TEST,강동구,강동구,CHILD_1,천호동,탄성코트,"천호동 탄성코트","천호동 탄성코트","https://www.barumspace.co.kr/?k=천호동-탄성코트",V1,PENDING_EXTERNAL_CHECK,PENDING_EXTERNAL_CHECK,PENDING_EXTERNAL_CHECK,PENDING_EXTERNAL_CHECK,PENDING_EXTERNAL_CHECK,PENDING_EXTERNAL_CHECK,PENDING_EXTERNAL_CHECK,PENDING_EXTERNAL_CHECK,PENDING_EXTERNAL_CHECK,""
8,PAIR_1,TEST,강동구,강동구,CHILD_1,천호동,탄성코트시공,"천호동 탄성코트시공","천호동 탄성코트시공","https://www.barumspace.co.kr/?k=천호동-탄성코트시공",V1,PENDING_EXTERNAL_CHECK,PENDING_EXTERNAL_CHECK,PENDING_EXTERNAL_CHECK,PENDING_EXTERNAL_CHECK,PENDING_EXTERNAL_CHECK,PENDING_EXTERNAL_CHECK,PENDING_EXTERNAL_CHECK,PENDING_EXTERNAL_CHECK,PENDING_EXTERNAL_CHECK,""
9,PAIR_1,TEST,강동구,강동구,CHILD_1,천호동,베란다탄성코트,"천호동 베란다탄성코트","천호동 베란다탄성코트","https://www.barumspace.co.kr/?k=천호동-베란다탄성코트",V1,PENDING_EXTERNAL_CHECK,PENDING_EXTERNAL_CHECK,PENDING_EXTERNAL_CHECK,PENDING_EXTERNAL_CHECK,PENDING_EXTERNAL_CHECK,PENDING_EXTERNAL_CHECK,PENDING_EXTERNAL_CHECK,PENDING_EXTERNAL_CHECK,PENDING_EXTERNAL_CHECK,""
10,PAIR_1,TEST,강동구,강동구,CHILD_1,천호동,세탁실탄성코트,"천호동 세탁실탄성코트","천호동 세탁실탄성코트","https://www.barumspace.co.kr/?k=천호동-세탁실탄성코트",V1,PENDING_EXTERNAL_CHECK,PENDING_EXTERNAL_CHECK,PENDING_EXTERNAL_CHECK,PENDING_EXTERNAL_CHECK,PENDING_EXTERNAL_CHECK,PENDING_EXTERNAL_CHECK,PENDING_EXTERNAL_CHECK,PENDING_EXTERNAL_CHECK,PENDING_EXTERNAL_CHECK,""
11,PAIR_1,TEST,강동구,강동구,CHILD_1,천호동,아파트탄성코트,"천호동 아파트탄성코트","천호동 아파트탄성코트","https://www.barumspace.co.kr/?k=천호동-아파트탄성코트",V1,PENDING_EXTERNAL_CHECK,PENDING_EXTERNAL_CHECK,PENDING_EXTERNAL_CHECK,PENDING_EXTERNAL_CHECK,PENDING_EXTERNAL_CHECK,PENDING_EXTERNAL_CHECK,PENDING_EXTERNAL_CHECK,PENDING_EXTERNAL_CHECK,PENDING_EXTERNAL_CHECK,""
12,PAIR_1,TEST,강동구,강동구,CHILD_1,천호동,탄성코트업체,"천호동 탄성코트업체","천호동 탄성코트업체","https://www.barumspace.co.kr/?k=천호동-탄성코트업체",V1,PENDING_EXTERNAL_CHECK,PENDING_EXTERNAL_CHECK,PENDING_EXTERNAL_CHECK,PENDING_EXTERNAL_CHECK,PENDING_EXTERNAL_CHECK,PENDING_EXTERNAL_CHECK,PENDING_EXTERNAL_CHECK,PENDING_EXTERNAL_CHECK,PENDING_EXTERNAL_CHECK,""
13,PAIR_1,TEST,강동구,강동구,CHILD_2,명일동,탄성코트,"명일동 탄성코트","명일동 탄성코트","https://www.barumspace.co.kr/?k=명일동-탄성코트",V1,PENDING_EXTERNAL_CHECK,PENDING_EXTERNAL_CHECK,PENDING_EXTERNAL_CHECK,PENDING_EXTERNAL_CHECK,PENDING_EXTERNAL_CHECK,PENDING_EXTERNAL_CHECK,PENDING_EXTERNAL_CHECK,PENDING_EXTERNAL_CHECK,PENDING_EXTERNAL_CHECK,""
14,PAIR_1,TEST,강동구,강동구,CHILD_2,명일동,탄성코트시공,"명일동 탄성코트시공","명일동 탄성코트시공","https://www.barumspace.co.kr/?k=명일동-탄성코트시공",V1,PENDING_EXTERNAL_CHECK,PENDING_EXTERNAL_CHECK,PENDING_EXTERNAL_CHECK,PENDING_EXTERNAL_CHECK,PENDING_EXTERNAL_CHECK,PENDING_EXTERNAL_CHECK,PENDING_EXTERNAL_CHECK,PENDING_EXTERNAL_CHECK,PENDING_EXTERNAL_CHECK,""
15,PAIR_1,TEST,강동구,강동구,CHILD_2,명일동,베란다탄성코트,"명일동 베란다탄성코트","명일동 베란다탄성코트","https://www.barumspace.co.kr/?k=명일동-베란다탄성코트",V1,PENDING_EXTERNAL_CHECK,PENDING_EXTERNAL_CHECK,PENDING_EXTERNAL_CHECK,PENDING_EXTERNAL_CHECK,PENDING_EXTERNAL_CHECK,PENDING_EXTERNAL_CHECK,PENDING_EXTERNAL_CHECK,PENDING_EXTERNAL_CHECK,PENDING_EXTERNAL_CHECK,""
16,PAIR_1,TEST,강동구,강동구,CHILD_2,명일동,세탁실탄성코트,"명일동 세탁실탄성코트","명일동 세탁실탄성코트","https://www.barumspace.co.kr/?k=명일동-세탁실탄성코트",V1,PENDING_EXTERNAL_CHECK,PENDING_EXTERNAL_CHECK,PENDING_EXTERNAL_CHECK,PENDING_EXTERNAL_CHECK,PENDING_EXTERNAL_CHECK,PENDING_EXTERNAL_CHECK,PENDING_EXTERNAL_CHECK,PENDING_EXTERNAL_CHECK,PENDING_EXTERNAL_CHECK,""
17,PAIR_1,TEST,강동구,강동구,CHILD_2,명일동,아파트탄성코트,"명일동 아파트탄성코트","명일동 아파트탄성코트","https://www.barumspace.co.kr/?k=명일동-아파트탄성코트",V1,PENDING_EXTERNAL_CHECK,PENDING_EXTERNAL_CHECK,PENDING_EXTERNAL_CHECK,PENDING_EXTERNAL_CHECK,PENDING_EXTERNAL_CHECK,PENDING_EXTERNAL_CHECK,PENDING_EXTERNAL_CHECK,PENDING_EXTERNAL_CHECK,PENDING_EXTERNAL_CHECK,""
18,PAIR_1,TEST,강동구,강동구,CHILD_2,명일동,탄성코트업체,"명일동 탄성코트업체","명일동 탄성코트업체","https://www.barumspace.co.kr/?k=명일동-탄성코트업체",V1,PENDING_EXTERNAL_CHECK,PENDING_EXTERNAL_CHECK,PENDING_EXTERNAL_CHECK,PENDING_EXTERNAL_CHECK,PENDING_EXTERNAL_CHECK,PENDING_EXTERNAL_CHECK,PENDING_EXTERNAL_CHECK,PENDING_EXTERNAL_CHECK,PENDING_EXTERNAL_CHECK,""
19,PAIR_1,TEST,강동구,강동구,CHILD_3,강일동,탄성코트,"강일동 탄성코트","강일동 탄성코트","https://www.barumspace.co.kr/?k=강일동-탄성코트",V1,PENDING_EXTERNAL_CHECK,PENDING_EXTERNAL_CHECK,PENDING_EXTERNAL_CHECK,PENDING_EXTERNAL_CHECK,PENDING_EXTERNAL_CHECK,PENDING_EXTERNAL_CHECK,PENDING_EXTERNAL_CHECK,PENDING_EXTERNAL_CHECK,PENDING_EXTERNAL_CHECK,""
20,PAIR_1,TEST,강동구,강동구,CHILD_3,강일동,탄성코트시공,"강일동 탄성코트시공","강일동 탄성코트시공","https://www.barumspace.co.kr/?k=강일동-탄성코트시공",V1,PENDING_EXTERNAL_CHECK,PENDING_EXTERNAL_CHECK,PENDING_EXTERNAL_CHECK,PENDING_EXTERNAL_CHECK,PENDING_EXTERNAL_CHECK,PENDING_EXTERNAL_CHECK,PENDING_EXTERNAL_CHECK,PENDING_EXTERNAL_CHECK,PENDING_EXTERNAL_CHECK,""
21,PAIR_1,TEST,강동구,강동구,CHILD_3,강일동,베란다탄성코트,"강일동 베란다탄성코트","강일동 베란다탄성코트","https://www.barumspace.co.kr/?k=강일동-베란다탄성코트",V1,PENDING_EXTERNAL_CHECK,PENDING_EXTERNAL_CHECK,PENDING_EXTERNAL_CHECK,PENDING_EXTERNAL_CHECK,PENDING_EXTERNAL_CHECK,PENDING_EXTERNAL_CHECK,PENDING_EXTERNAL_CHECK,PENDING_EXTERNAL_CHECK,PENDING_EXTERNAL_CHECK,""
22,PAIR_1,TEST,강동구,강동구,CHILD_3,강일동,세탁실탄성코트,"강일동 세탁실탄성코트","강일동 세탁실탄성코트","https://www.barumspace.co.kr/?k=강일동-세탁실탄성코트",V1,PENDING_EXTERNAL_CHECK,PENDING_EXTERNAL_CHECK,PENDING_EXTERNAL_CHECK,PENDING_EXTERNAL_CHECK,PENDING_EXTERNAL_CHECK,PENDING_EXTERNAL_CHECK,PENDING_EXTERNAL_CHECK,PENDING_EXTERNAL_CHECK,PENDING_EXTERNAL_CHECK,""
23,PAIR_1,TEST,강동구,강동구,CHILD_3,강일동,아파트탄성코트,"강일동 아파트탄성코트","강일동 아파트탄성코트","https://www.barumspace.co.kr/?k=강일동-아파트탄성코트",V1,PENDING_EXTERNAL_CHECK,PENDING_EXTERNAL_CHECK,PENDING_EXTERNAL_CHECK,PENDING_EXTERNAL_CHECK,PENDING_EXTERNAL_CHECK,PENDING_EXTERNAL_CHECK,PENDING_EXTERNAL_CHECK,PENDING_EXTERNAL_CHECK,PENDING_EXTERNAL_CHECK,""
24,PAIR_1,TEST,강동구,강동구,CHILD_3,강일동,탄성코트업체,"강일동 탄성코트업체","강일동 탄성코트업체","https://www.barumspace.co.kr/?k=강일동-탄성코트업체",V1,PENDING_EXTERNAL_CHECK,PENDING_EXTERNAL_CHECK,PENDING_EXTERNAL_CHECK,PENDING_EXTERNAL_CHECK,PENDING_EXTERNAL_CHECK,PENDING_EXTERNAL_CHECK,PENDING_EXTERNAL_CHECK,PENDING_EXTERNAL_CHECK,PENDING_EXTERNAL_CHECK,""
25,PAIR_1,PROVISIONAL_CONTROL,동작구,동작구,PARENT,동작,탄성코트,"동작 탄성코트","동작 탄성코트","https://www.barumspace.co.kr/?k=동작-탄성코트",V1,PENDING_EXTERNAL_CHECK,PENDING_EXTERNAL_CHECK,PENDING_EXTERNAL_CHECK,PENDING_EXTERNAL_CHECK,PENDING_EXTERNAL_CHECK,PENDING_EXTERNAL_CHECK,PENDING_EXTERNAL_CHECK,PENDING_EXTERNAL_CHECK,PENDING_EXTERNAL_CHECK,""
26,PAIR_1,PROVISIONAL_CONTROL,동작구,동작구,PARENT,동작,탄성코트시공,"동작 탄성코트시공","동작 탄성코트시공","https://www.barumspace.co.kr/?k=동작-탄성코트시공",V1,PENDING_EXTERNAL_CHECK,PENDING_EXTERNAL_CHECK,PENDING_EXTERNAL_CHECK,PENDING_EXTERNAL_CHECK,PENDING_EXTERNAL_CHECK,PENDING_EXTERNAL_CHECK,PENDING_EXTERNAL_CHECK,PENDING_EXTERNAL_CHECK,PENDING_EXTERNAL_CHECK,""
27,PAIR_1,PROVISIONAL_CONTROL,동작구,동작구,PARENT,동작,베란다탄성코트,"동작 베란다탄성코트","동작 베란다탄성코트","https://www.barumspace.co.kr/?k=동작-베란다탄성코트",V1,PENDING_EXTERNAL_CHECK,PENDING_EXTERNAL_CHECK,PENDING_EXTERNAL_CHECK,PENDING_EXTERNAL_CHECK,PENDING_EXTERNAL_CHECK,PENDING_EXTERNAL_CHECK,PENDING_EXTERNAL_CHECK,PENDING_EXTERNAL_CHECK,PENDING_EXTERNAL_CHECK,""
28,PAIR_1,PROVISIONAL_CONTROL,동작구,동작구,PARENT,동작,세탁실탄성코트,"동작 세탁실탄성코트","동작 세탁실탄성코트","https://www.barumspace.co.kr/?k=동작-세탁실탄성코트",V1,PENDING_EXTERNAL_CHECK,PENDING_EXTERNAL_CHECK,PENDING_EXTERNAL_CHECK,PENDING_EXTERNAL_CHECK,PENDING_EXTERNAL_CHECK,PENDING_EXTERNAL_CHECK,PENDING_EXTERNAL_CHECK,PENDING_EXTERNAL_CHECK,PENDING_EXTERNAL_CHECK,""
29,PAIR_1,PROVISIONAL_CONTROL,동작구,동작구,PARENT,동작,아파트탄성코트,"동작 아파트탄성코트","동작 아파트탄성코트","https://www.barumspace.co.kr/?k=동작-아파트탄성코트",V1,PENDING_EXTERNAL_CHECK,PENDING_EXTERNAL_CHECK,PENDING_EXTERNAL_CHECK,PENDING_EXTERNAL_CHECK,PENDING_EXTERNAL_CHECK,PENDING_EXTERNAL_CHECK,PENDING_EXTERNAL_CHECK,PENDING_EXTERNAL_CHECK,PENDING_EXTERNAL_CHECK,""
30,PAIR_1,PROVISIONAL_CONTROL,동작구,동작구,PARENT,동작,탄성코트업체,"동작 탄성코트업체","동작 탄성코트업체","https://www.barumspace.co.kr/?k=동작-탄성코트업체",V1,PENDING_EXTERNAL_CHECK,PENDING_EXTERNAL_CHECK,PENDING_EXTERNAL_CHECK,PENDING_EXTERNAL_CHECK,PENDING_EXTERNAL_CHECK,PENDING_EXTERNAL_CHECK,PENDING_EXTERNAL_CHECK,PENDING_EXTERNAL_CHECK,PENDING_EXTERNAL_CHECK,""
31,PAIR_1,PROVISIONAL_CONTROL,동작구,동작구,CHILD_1,사당동,탄성코트,"사당동 탄성코트","사당동 탄성코트","https://www.barumspace.co.kr/?k=사당동-탄성코트",V1,PENDING_EXTERNAL_CHECK,PENDING_EXTERNAL_CHECK,PENDING_EXTERNAL_CHECK,PENDING_EXTERNAL_CHECK,PENDING_EXTERNAL_CHECK,PENDING_EXTERNAL_CHECK,PENDING_EXTERNAL_CHECK,PENDING_EXTERNAL_CHECK,PENDING_EXTERNAL_CHECK,""
32,PAIR_1,PROVISIONAL_CONTROL,동작구,동작구,CHILD_1,사당동,탄성코트시공,"사당동 탄성코트시공","사당동 탄성코트시공","https://www.barumspace.co.kr/?k=사당동-탄성코트시공",V1,PENDING_EXTERNAL_CHECK,PENDING_EXTERNAL_CHECK,PENDING_EXTERNAL_CHECK,PENDING_EXTERNAL_CHECK,PENDING_EXTERNAL_CHECK,PENDING_EXTERNAL_CHECK,PENDING_EXTERNAL_CHECK,PENDING_EXTERNAL_CHECK,PENDING_EXTERNAL_CHECK,""
33,PAIR_1,PROVISIONAL_CONTROL,동작구,동작구,CHILD_1,사당동,베란다탄성코트,"사당동 베란다탄성코트","사당동 베란다탄성코트","https://www.barumspace.co.kr/?k=사당동-베란다탄성코트",V1,PENDING_EXTERNAL_CHECK,PENDING_EXTERNAL_CHECK,PENDING_EXTERNAL_CHECK,PENDING_EXTERNAL_CHECK,PENDING_EXTERNAL_CHECK,PENDING_EXTERNAL_CHECK,PENDING_EXTERNAL_CHECK,PENDING_EXTERNAL_CHECK,PENDING_EXTERNAL_CHECK,""
34,PAIR_1,PROVISIONAL_CONTROL,동작구,동작구,CHILD_1,사당동,세탁실탄성코트,"사당동 세탁실탄성코트","사당동 세탁실탄성코트","https://www.barumspace.co.kr/?k=사당동-세탁실탄성코트",V1,PENDING_EXTERNAL_CHECK,PENDING_EXTERNAL_CHECK,PENDING_EXTERNAL_CHECK,PENDING_EXTERNAL_CHECK,PENDING_EXTERNAL_CHECK,PENDING_EXTERNAL_CHECK,PENDING_EXTERNAL_CHECK,PENDING_EXTERNAL_CHECK,PENDING_EXTERNAL_CHECK,""
35,PAIR_1,PROVISIONAL_CONTROL,동작구,동작구,CHILD_1,사당동,아파트탄성코트,"사당동 아파트탄성코트","사당동 아파트탄성코트","https://www.barumspace.co.kr/?k=사당동-아파트탄성코트",V1,PENDING_EXTERNAL_CHECK,PENDING_EXTERNAL_CHECK,PENDING_EXTERNAL_CHECK,PENDING_EXTERNAL_CHECK,PENDING_EXTERNAL_CHECK,PENDING_EXTERNAL_CHECK,PENDING_EXTERNAL_CHECK,PENDING_EXTERNAL_CHECK,PENDING_EXTERNAL_CHECK,""
36,PAIR_1,PROVISIONAL_CONTROL,동작구,동작구,CHILD_1,사당동,탄성코트업체,"사당동 탄성코트업체","사당동 탄성코트업체","https://www.barumspace.co.kr/?k=사당동-탄성코트업체",V1,PENDING_EXTERNAL_CHECK,PENDING_EXTERNAL_CHECK,PENDING_EXTERNAL_CHECK,PENDING_EXTERNAL_CHECK,PENDING_EXTERNAL_CHECK,PENDING_EXTERNAL_CHECK,PENDING_EXTERNAL_CHECK,PENDING_EXTERNAL_CHECK,PENDING_EXTERNAL_CHECK,""
37,PAIR_1,PROVISIONAL_CONTROL,동작구,동작구,CHILD_2,흑석동,탄성코트,"흑석동 탄성코트","흑석동 탄성코트","https://www.barumspace.co.kr/?k=흑석동-탄성코트",V1,PENDING_EXTERNAL_CHECK,PENDING_EXTERNAL_CHECK,PENDING_EXTERNAL_CHECK,PENDING_EXTERNAL_CHECK,PENDING_EXTERNAL_CHECK,PENDING_EXTERNAL_CHECK,PENDING_EXTERNAL_CHECK,PENDING_EXTERNAL_CHECK,PENDING_EXTERNAL_CHECK,""
38,PAIR_1,PROVISIONAL_CONTROL,동작구,동작구,CHILD_2,흑석동,탄성코트시공,"흑석동 탄성코트시공","흑석동 탄성코트시공","https://www.barumspace.co.kr/?k=흑석동-탄성코트시공",V1,PENDING_EXTERNAL_CHECK,PENDING_EXTERNAL_CHECK,PENDING_EXTERNAL_CHECK,PENDING_EXTERNAL_CHECK,PENDING_EXTERNAL_CHECK,PENDING_EXTERNAL_CHECK,PENDING_EXTERNAL_CHECK,PENDING_EXTERNAL_CHECK,PENDING_EXTERNAL_CHECK,""
39,PAIR_1,PROVISIONAL_CONTROL,동작구,동작구,CHILD_2,흑석동,베란다탄성코트,"흑석동 베란다탄성코트","흑석동 베란다탄성코트","https://www.barumspace.co.kr/?k=흑석동-베란다탄성코트",V1,PENDING_EXTERNAL_CHECK,PENDING_EXTERNAL_CHECK,PENDING_EXTERNAL_CHECK,PENDING_EXTERNAL_CHECK,PENDING_EXTERNAL_CHECK,PENDING_EXTERNAL_CHECK,PENDING_EXTERNAL_CHECK,PENDING_EXTERNAL_CHECK,PENDING_EXTERNAL_CHECK,""
40,PAIR_1,PROVISIONAL_CONTROL,동작구,동작구,CHILD_2,흑석동,세탁실탄성코트,"흑석동 세탁실탄성코트","흑석동 세탁실탄성코트","https://www.barumspace.co.kr/?k=흑석동-세탁실탄성코트",V1,PENDING_EXTERNAL_CHECK,PENDING_EXTERNAL_CHECK,PENDING_EXTERNAL_CHECK,PENDING_EXTERNAL_CHECK,PENDING_EXTERNAL_CHECK,PENDING_EXTERNAL_CHECK,PENDING_EXTERNAL_CHECK,PENDING_EXTERNAL_CHECK,PENDING_EXTERNAL_CHECK,""
41,PAIR_1,PROVISIONAL_CONTROL,동작구,동작구,CHILD_2,흑석동,아파트탄성코트,"흑석동 아파트탄성코트","흑석동 아파트탄성코트","https://www.barumspace.co.kr/?k=흑석동-아파트탄성코트",V1,PENDING_EXTERNAL_CHECK,PENDING_EXTERNAL_CHECK,PENDING_EXTERNAL_CHECK,PENDING_EXTERNAL_CHECK,PENDING_EXTERNAL_CHECK,PENDING_EXTERNAL_CHECK,PENDING_EXTERNAL_CHECK,PENDING_EXTERNAL_CHECK,PENDING_EXTERNAL_CHECK,""
42,PAIR_1,PROVISIONAL_CONTROL,동작구,동작구,CHILD_2,흑석동,탄성코트업체,"흑석동 탄성코트업체","흑석동 탄성코트업체","https://www.barumspace.co.kr/?k=흑석동-탄성코트업체",V1,PENDING_EXTERNAL_CHECK,PENDING_EXTERNAL_CHECK,PENDING_EXTERNAL_CHECK,PENDING_EXTERNAL_CHECK,PENDING_EXTERNAL_CHECK,PENDING_EXTERNAL_CHECK,PENDING_EXTERNAL_CHECK,PENDING_EXTERNAL_CHECK,PENDING_EXTERNAL_CHECK,""
43,PAIR_1,PROVISIONAL_CONTROL,동작구,동작구,CHILD_3,본동,탄성코트,"본동 탄성코트","본동 탄성코트","https://www.barumspace.co.kr/?k=본동-탄성코트",V1,PENDING_EXTERNAL_CHECK,PENDING_EXTERNAL_CHECK,PENDING_EXTERNAL_CHECK,PENDING_EXTERNAL_CHECK,PENDING_EXTERNAL_CHECK,PENDING_EXTERNAL_CHECK,PENDING_EXTERNAL_CHECK,PENDING_EXTERNAL_CHECK,PENDING_EXTERNAL_CHECK,""
44,PAIR_1,PROVISIONAL_CONTROL,동작구,동작구,CHILD_3,본동,탄성코트시공,"본동 탄성코트시공","본동 탄성코트시공","https://www.barumspace.co.kr/?k=본동-탄성코트시공",V1,PENDING_EXTERNAL_CHECK,PENDING_EXTERNAL_CHECK,PENDING_EXTERNAL_CHECK,PENDING_EXTERNAL_CHECK,PENDING_EXTERNAL_CHECK,PENDING_EXTERNAL_CHECK,PENDING_EXTERNAL_CHECK,PENDING_EXTERNAL_CHECK,PENDING_EXTERNAL_CHECK,""
45,PAIR_1,PROVISIONAL_CONTROL,동작구,동작구,CHILD_3,본동,베란다탄성코트,"본동 베란다탄성코트","본동 베란다탄성코트","https://www.barumspace.co.kr/?k=본동-베란다탄성코트",V1,PENDING_EXTERNAL_CHECK,PENDING_EXTERNAL_CHECK,PENDING_EXTERNAL_CHECK,PENDING_EXTERNAL_CHECK,PENDING_EXTERNAL_CHECK,PENDING_EXTERNAL_CHECK,PENDING_EXTERNAL_CHECK,PENDING_EXTERNAL_CHECK,PENDING_EXTERNAL_CHECK,""
46,PAIR_1,PROVISIONAL_CONTROL,동작구,동작구,CHILD_3,본동,세탁실탄성코트,"본동 세탁실탄성코트","본동 세탁실탄성코트","https://www.barumspace.co.kr/?k=본동-세탁실탄성코트",V1,PENDING_EXTERNAL_CHECK,PENDING_EXTERNAL_CHECK,PENDING_EXTERNAL_CHECK,PENDING_EXTERNAL_CHECK,PENDING_EXTERNAL_CHECK,PENDING_EXTERNAL_CHECK,PENDING_EXTERNAL_CHECK,PENDING_EXTERNAL_CHECK,PENDING_EXTERNAL_CHECK,""
47,PAIR_1,PROVISIONAL_CONTROL,동작구,동작구,CHILD_3,본동,아파트탄성코트,"본동 아파트탄성코트","본동 아파트탄성코트","https://www.barumspace.co.kr/?k=본동-아파트탄성코트",V1,PENDING_EXTERNAL_CHECK,PENDING_EXTERNAL_CHECK,PENDING_EXTERNAL_CHECK,PENDING_EXTERNAL_CHECK,PENDING_EXTERNAL_CHECK,PENDING_EXTERNAL_CHECK,PENDING_EXTERNAL_CHECK,PENDING_EXTERNAL_CHECK,PENDING_EXTERNAL_CHECK,""
48,PAIR_1,PROVISIONAL_CONTROL,동작구,동작구,CHILD_3,본동,탄성코트업체,"본동 탄성코트업체","본동 탄성코트업체","https://www.barumspace.co.kr/?k=본동-탄성코트업체",V1,PENDING_EXTERNAL_CHECK,PENDING_EXTERNAL_CHECK,PENDING_EXTERNAL_CHECK,PENDING_EXTERNAL_CHECK,PENDING_EXTERNAL_CHECK,PENDING_EXTERNAL_CHECK,PENDING_EXTERNAL_CHECK,PENDING_EXTERNAL_CHECK,PENDING_EXTERNAL_CHECK,""
49,PAIR_2,TEST,광진구,광진구,PARENT,광진,탄성코트,"광진 탄성코트","광진 탄성코트","https://www.barumspace.co.kr/?k=광진-탄성코트",V1,PENDING_EXTERNAL_CHECK,PENDING_EXTERNAL_CHECK,PENDING_EXTERNAL_CHECK,PENDING_EXTERNAL_CHECK,PENDING_EXTERNAL_CHECK,PENDING_EXTERNAL_CHECK,PENDING_EXTERNAL_CHECK,PENDING_EXTERNAL_CHECK,PENDING_EXTERNAL_CHECK,""
50,PAIR_2,TEST,광진구,광진구,PARENT,광진,탄성코트시공,"광진 탄성코트시공","광진 탄성코트시공","https://www.barumspace.co.kr/?k=광진-탄성코트시공",V1,PENDING_EXTERNAL_CHECK,PENDING_EXTERNAL_CHECK,PENDING_EXTERNAL_CHECK,PENDING_EXTERNAL_CHECK,PENDING_EXTERNAL_CHECK,PENDING_EXTERNAL_CHECK,PENDING_EXTERNAL_CHECK,PENDING_EXTERNAL_CHECK,PENDING_EXTERNAL_CHECK,""
51,PAIR_2,TEST,광진구,광진구,PARENT,광진,베란다탄성코트,"광진 베란다탄성코트","광진 베란다탄성코트","https://www.barumspace.co.kr/?k=광진-베란다탄성코트",V1,PENDING_EXTERNAL_CHECK,PENDING_EXTERNAL_CHECK,PENDING_EXTERNAL_CHECK,PENDING_EXTERNAL_CHECK,PENDING_EXTERNAL_CHECK,PENDING_EXTERNAL_CHECK,PENDING_EXTERNAL_CHECK,PENDING_EXTERNAL_CHECK,PENDING_EXTERNAL_CHECK,""
52,PAIR_2,TEST,광진구,광진구,PARENT,광진,세탁실탄성코트,"광진 세탁실탄성코트","광진 세탁실탄성코트","https://www.barumspace.co.kr/?k=광진-세탁실탄성코트",V1,PENDING_EXTERNAL_CHECK,PENDING_EXTERNAL_CHECK,PENDING_EXTERNAL_CHECK,PENDING_EXTERNAL_CHECK,PENDING_EXTERNAL_CHECK,PENDING_EXTERNAL_CHECK,PENDING_EXTERNAL_CHECK,PENDING_EXTERNAL_CHECK,PENDING_EXTERNAL_CHECK,""
53,PAIR_2,TEST,광진구,광진구,PARENT,광진,아파트탄성코트,"광진 아파트탄성코트","광진 아파트탄성코트","https://www.barumspace.co.kr/?k=광진-아파트탄성코트",V1,PENDING_EXTERNAL_CHECK,PENDING_EXTERNAL_CHECK,PENDING_EXTERNAL_CHECK,PENDING_EXTERNAL_CHECK,PENDING_EXTERNAL_CHECK,PENDING_EXTERNAL_CHECK,PENDING_EXTERNAL_CHECK,PENDING_EXTERNAL_CHECK,PENDING_EXTERNAL_CHECK,""
54,PAIR_2,TEST,광진구,광진구,PARENT,광진,탄성코트업체,"광진 탄성코트업체","광진 탄성코트업체","https://www.barumspace.co.kr/?k=광진-탄성코트업체",V1,PENDING_EXTERNAL_CHECK,PENDING_EXTERNAL_CHECK,PENDING_EXTERNAL_CHECK,PENDING_EXTERNAL_CHECK,PENDING_EXTERNAL_CHECK,PENDING_EXTERNAL_CHECK,PENDING_EXTERNAL_CHECK,PENDING_EXTERNAL_CHECK,PENDING_EXTERNAL_CHECK,""
55,PAIR_2,TEST,광진구,광진구,CHILD_1,자양동,탄성코트,"자양동 탄성코트","자양동 탄성코트","https://www.barumspace.co.kr/?k=자양동-탄성코트",V1,PENDING_EXTERNAL_CHECK,PENDING_EXTERNAL_CHECK,PENDING_EXTERNAL_CHECK,PENDING_EXTERNAL_CHECK,PENDING_EXTERNAL_CHECK,PENDING_EXTERNAL_CHECK,PENDING_EXTERNAL_CHECK,PENDING_EXTERNAL_CHECK,PENDING_EXTERNAL_CHECK,""
56,PAIR_2,TEST,광진구,광진구,CHILD_1,자양동,탄성코트시공,"자양동 탄성코트시공","자양동 탄성코트시공","https://www.barumspace.co.kr/?k=자양동-탄성코트시공",V1,PENDING_EXTERNAL_CHECK,PENDING_EXTERNAL_CHECK,PENDING_EXTERNAL_CHECK,PENDING_EXTERNAL_CHECK,PENDING_EXTERNAL_CHECK,PENDING_EXTERNAL_CHECK,PENDING_EXTERNAL_CHECK,PENDING_EXTERNAL_CHECK,PENDING_EXTERNAL_CHECK,""
57,PAIR_2,TEST,광진구,광진구,CHILD_1,자양동,베란다탄성코트,"자양동 베란다탄성코트","자양동 베란다탄성코트","https://www.barumspace.co.kr/?k=자양동-베란다탄성코트",V1,PENDING_EXTERNAL_CHECK,PENDING_EXTERNAL_CHECK,PENDING_EXTERNAL_CHECK,PENDING_EXTERNAL_CHECK,PENDING_EXTERNAL_CHECK,PENDING_EXTERNAL_CHECK,PENDING_EXTERNAL_CHECK,PENDING_EXTERNAL_CHECK,PENDING_EXTERNAL_CHECK,""
58,PAIR_2,TEST,광진구,광진구,CHILD_1,자양동,세탁실탄성코트,"자양동 세탁실탄성코트","자양동 세탁실탄성코트","https://www.barumspace.co.kr/?k=자양동-세탁실탄성코트",V1,PENDING_EXTERNAL_CHECK,PENDING_EXTERNAL_CHECK,PENDING_EXTERNAL_CHECK,PENDING_EXTERNAL_CHECK,PENDING_EXTERNAL_CHECK,PENDING_EXTERNAL_CHECK,PENDING_EXTERNAL_CHECK,PENDING_EXTERNAL_CHECK,PENDING_EXTERNAL_CHECK,""
59,PAIR_2,TEST,광진구,광진구,CHILD_1,자양동,아파트탄성코트,"자양동 아파트탄성코트","자양동 아파트탄성코트","https://www.barumspace.co.kr/?k=자양동-아파트탄성코트",V1,PENDING_EXTERNAL_CHECK,PENDING_EXTERNAL_CHECK,PENDING_EXTERNAL_CHECK,PENDING_EXTERNAL_CHECK,PENDING_EXTERNAL_CHECK,PENDING_EXTERNAL_CHECK,PENDING_EXTERNAL_CHECK,PENDING_EXTERNAL_CHECK,PENDING_EXTERNAL_CHECK,""
60,PAIR_2,TEST,광진구,광진구,CHILD_1,자양동,탄성코트업체,"자양동 탄성코트업체","자양동 탄성코트업체","https://www.barumspace.co.kr/?k=자양동-탄성코트업체",V1,PENDING_EXTERNAL_CHECK,PENDING_EXTERNAL_CHECK,PENDING_EXTERNAL_CHECK,PENDING_EXTERNAL_CHECK,PENDING_EXTERNAL_CHECK,PENDING_EXTERNAL_CHECK,PENDING_EXTERNAL_CHECK,PENDING_EXTERNAL_CHECK,PENDING_EXTERNAL_CHECK,""
61,PAIR_2,TEST,광진구,광진구,CHILD_2,화양동,탄성코트,"화양동 탄성코트","화양동 탄성코트","https://www.barumspace.co.kr/?k=화양동-탄성코트",V1,PENDING_EXTERNAL_CHECK,PENDING_EXTERNAL_CHECK,PENDING_EXTERNAL_CHECK,PENDING_EXTERNAL_CHECK,PENDING_EXTERNAL_CHECK,PENDING_EXTERNAL_CHECK,PENDING_EXTERNAL_CHECK,PENDING_EXTERNAL_CHECK,PENDING_EXTERNAL_CHECK,""
62,PAIR_2,TEST,광진구,광진구,CHILD_2,화양동,탄성코트시공,"화양동 탄성코트시공","화양동 탄성코트시공","https://www.barumspace.co.kr/?k=화양동-탄성코트시공",V1,PENDING_EXTERNAL_CHECK,PENDING_EXTERNAL_CHECK,PENDING_EXTERNAL_CHECK,PENDING_EXTERNAL_CHECK,PENDING_EXTERNAL_CHECK,PENDING_EXTERNAL_CHECK,PENDING_EXTERNAL_CHECK,PENDING_EXTERNAL_CHECK,PENDING_EXTERNAL_CHECK,""
63,PAIR_2,TEST,광진구,광진구,CHILD_2,화양동,베란다탄성코트,"화양동 베란다탄성코트","화양동 베란다탄성코트","https://www.barumspace.co.kr/?k=화양동-베란다탄성코트",V1,PENDING_EXTERNAL_CHECK,PENDING_EXTERNAL_CHECK,PENDING_EXTERNAL_CHECK,PENDING_EXTERNAL_CHECK,PENDING_EXTERNAL_CHECK,PENDING_EXTERNAL_CHECK,PENDING_EXTERNAL_CHECK,PENDING_EXTERNAL_CHECK,PENDING_EXTERNAL_CHECK,""
64,PAIR_2,TEST,광진구,광진구,CHILD_2,화양동,세탁실탄성코트,"화양동 세탁실탄성코트","화양동 세탁실탄성코트","https://www.barumspace.co.kr/?k=화양동-세탁실탄성코트",V1,PENDING_EXTERNAL_CHECK,PENDING_EXTERNAL_CHECK,PENDING_EXTERNAL_CHECK,PENDING_EXTERNAL_CHECK,PENDING_EXTERNAL_CHECK,PENDING_EXTERNAL_CHECK,PENDING_EXTERNAL_CHECK,PENDING_EXTERNAL_CHECK,PENDING_EXTERNAL_CHECK,""
65,PAIR_2,TEST,광진구,광진구,CHILD_2,화양동,아파트탄성코트,"화양동 아파트탄성코트","화양동 아파트탄성코트","https://www.barumspace.co.kr/?k=화양동-아파트탄성코트",V1,PENDING_EXTERNAL_CHECK,PENDING_EXTERNAL_CHECK,PENDING_EXTERNAL_CHECK,PENDING_EXTERNAL_CHECK,PENDING_EXTERNAL_CHECK,PENDING_EXTERNAL_CHECK,PENDING_EXTERNAL_CHECK,PENDING_EXTERNAL_CHECK,PENDING_EXTERNAL_CHECK,""
66,PAIR_2,TEST,광진구,광진구,CHILD_2,화양동,탄성코트업체,"화양동 탄성코트업체","화양동 탄성코트업체","https://www.barumspace.co.kr/?k=화양동-탄성코트업체",V1,PENDING_EXTERNAL_CHECK,PENDING_EXTERNAL_CHECK,PENDING_EXTERNAL_CHECK,PENDING_EXTERNAL_CHECK,PENDING_EXTERNAL_CHECK,PENDING_EXTERNAL_CHECK,PENDING_EXTERNAL_CHECK,PENDING_EXTERNAL_CHECK,PENDING_EXTERNAL_CHECK,""
67,PAIR_2,TEST,광진구,광진구,CHILD_3,광장동,탄성코트,"광장동 탄성코트","광장동 탄성코트","https://www.barumspace.co.kr/?k=광장동-탄성코트",V1,PENDING_EXTERNAL_CHECK,PENDING_EXTERNAL_CHECK,PENDING_EXTERNAL_CHECK,PENDING_EXTERNAL_CHECK,PENDING_EXTERNAL_CHECK,PENDING_EXTERNAL_CHECK,PENDING_EXTERNAL_CHECK,PENDING_EXTERNAL_CHECK,PENDING_EXTERNAL_CHECK,""
68,PAIR_2,TEST,광진구,광진구,CHILD_3,광장동,탄성코트시공,"광장동 탄성코트시공","광장동 탄성코트시공","https://www.barumspace.co.kr/?k=광장동-탄성코트시공",V1,PENDING_EXTERNAL_CHECK,PENDING_EXTERNAL_CHECK,PENDING_EXTERNAL_CHECK,PENDING_EXTERNAL_CHECK,PENDING_EXTERNAL_CHECK,PENDING_EXTERNAL_CHECK,PENDING_EXTERNAL_CHECK,PENDING_EXTERNAL_CHECK,PENDING_EXTERNAL_CHECK,""
69,PAIR_2,TEST,광진구,광진구,CHILD_3,광장동,베란다탄성코트,"광장동 베란다탄성코트","광장동 베란다탄성코트","https://www.barumspace.co.kr/?k=광장동-베란다탄성코트",V1,PENDING_EXTERNAL_CHECK,PENDING_EXTERNAL_CHECK,PENDING_EXTERNAL_CHECK,PENDING_EXTERNAL_CHECK,PENDING_EXTERNAL_CHECK,PENDING_EXTERNAL_CHECK,PENDING_EXTERNAL_CHECK,PENDING_EXTERNAL_CHECK,PENDING_EXTERNAL_CHECK,""
70,PAIR_2,TEST,광진구,광진구,CHILD_3,광장동,세탁실탄성코트,"광장동 세탁실탄성코트","광장동 세탁실탄성코트","https://www.barumspace.co.kr/?k=광장동-세탁실탄성코트",V1,PENDING_EXTERNAL_CHECK,PENDING_EXTERNAL_CHECK,PENDING_EXTERNAL_CHECK,PENDING_EXTERNAL_CHECK,PENDING_EXTERNAL_CHECK,PENDING_EXTERNAL_CHECK,PENDING_EXTERNAL_CHECK,PENDING_EXTERNAL_CHECK,PENDING_EXTERNAL_CHECK,""
71,PAIR_2,TEST,광진구,광진구,CHILD_3,광장동,아파트탄성코트,"광장동 아파트탄성코트","광장동 아파트탄성코트","https://www.barumspace.co.kr/?k=광장동-아파트탄성코트",V1,PENDING_EXTERNAL_CHECK,PENDING_EXTERNAL_CHECK,PENDING_EXTERNAL_CHECK,PENDING_EXTERNAL_CHECK,PENDING_EXTERNAL_CHECK,PENDING_EXTERNAL_CHECK,PENDING_EXTERNAL_CHECK,PENDING_EXTERNAL_CHECK,PENDING_EXTERNAL_CHECK,""
72,PAIR_2,TEST,광진구,광진구,CHILD_3,광장동,탄성코트업체,"광장동 탄성코트업체","광장동 탄성코트업체","https://www.barumspace.co.kr/?k=광장동-탄성코트업체",V1,PENDING_EXTERNAL_CHECK,PENDING_EXTERNAL_CHECK,PENDING_EXTERNAL_CHECK,PENDING_EXTERNAL_CHECK,PENDING_EXTERNAL_CHECK,PENDING_EXTERNAL_CHECK,PENDING_EXTERNAL_CHECK,PENDING_EXTERNAL_CHECK,PENDING_EXTERNAL_CHECK,""
73,PAIR_2,PROVISIONAL_CONTROL,미추홀구,미추홀구,PARENT,미추홀,탄성코트,"미추홀 탄성코트","미추홀 탄성코트","https://www.barumspace.co.kr/?k=미추홀-탄성코트",V1,PENDING_EXTERNAL_CHECK,PENDING_EXTERNAL_CHECK,PENDING_EXTERNAL_CHECK,PENDING_EXTERNAL_CHECK,PENDING_EXTERNAL_CHECK,PENDING_EXTERNAL_CHECK,PENDING_EXTERNAL_CHECK,PENDING_EXTERNAL_CHECK,PENDING_EXTERNAL_CHECK,""
74,PAIR_2,PROVISIONAL_CONTROL,미추홀구,미추홀구,PARENT,미추홀,탄성코트시공,"미추홀 탄성코트시공","미추홀 탄성코트시공","https://www.barumspace.co.kr/?k=미추홀-탄성코트시공",V1,PENDING_EXTERNAL_CHECK,PENDING_EXTERNAL_CHECK,PENDING_EXTERNAL_CHECK,PENDING_EXTERNAL_CHECK,PENDING_EXTERNAL_CHECK,PENDING_EXTERNAL_CHECK,PENDING_EXTERNAL_CHECK,PENDING_EXTERNAL_CHECK,PENDING_EXTERNAL_CHECK,""
75,PAIR_2,PROVISIONAL_CONTROL,미추홀구,미추홀구,PARENT,미추홀,베란다탄성코트,"미추홀 베란다탄성코트","미추홀 베란다탄성코트","https://www.barumspace.co.kr/?k=미추홀-베란다탄성코트",V1,PENDING_EXTERNAL_CHECK,PENDING_EXTERNAL_CHECK,PENDING_EXTERNAL_CHECK,PENDING_EXTERNAL_CHECK,PENDING_EXTERNAL_CHECK,PENDING_EXTERNAL_CHECK,PENDING_EXTERNAL_CHECK,PENDING_EXTERNAL_CHECK,PENDING_EXTERNAL_CHECK,""
76,PAIR_2,PROVISIONAL_CONTROL,미추홀구,미추홀구,PARENT,미추홀,세탁실탄성코트,"미추홀 세탁실탄성코트","미추홀 세탁실탄성코트","https://www.barumspace.co.kr/?k=미추홀-세탁실탄성코트",V1,PENDING_EXTERNAL_CHECK,PENDING_EXTERNAL_CHECK,PENDING_EXTERNAL_CHECK,PENDING_EXTERNAL_CHECK,PENDING_EXTERNAL_CHECK,PENDING_EXTERNAL_CHECK,PENDING_EXTERNAL_CHECK,PENDING_EXTERNAL_CHECK,PENDING_EXTERNAL_CHECK,""
77,PAIR_2,PROVISIONAL_CONTROL,미추홀구,미추홀구,PARENT,미추홀,아파트탄성코트,"미추홀 아파트탄성코트","미추홀 아파트탄성코트","https://www.barumspace.co.kr/?k=미추홀-아파트탄성코트",V1,PENDING_EXTERNAL_CHECK,PENDING_EXTERNAL_CHECK,PENDING_EXTERNAL_CHECK,PENDING_EXTERNAL_CHECK,PENDING_EXTERNAL_CHECK,PENDING_EXTERNAL_CHECK,PENDING_EXTERNAL_CHECK,PENDING_EXTERNAL_CHECK,PENDING_EXTERNAL_CHECK,""
78,PAIR_2,PROVISIONAL_CONTROL,미추홀구,미추홀구,PARENT,미추홀,탄성코트업체,"미추홀 탄성코트업체","미추홀 탄성코트업체","https://www.barumspace.co.kr/?k=미추홀-탄성코트업체",V1,PENDING_EXTERNAL_CHECK,PENDING_EXTERNAL_CHECK,PENDING_EXTERNAL_CHECK,PENDING_EXTERNAL_CHECK,PENDING_EXTERNAL_CHECK,PENDING_EXTERNAL_CHECK,PENDING_EXTERNAL_CHECK,PENDING_EXTERNAL_CHECK,PENDING_EXTERNAL_CHECK,""
79,PAIR_2,PROVISIONAL_CONTROL,미추홀구,미추홀구,CHILD_1,숭의동,탄성코트,"숭의동 탄성코트","숭의동 탄성코트","https://www.barumspace.co.kr/?k=숭의동-탄성코트",V1,PENDING_EXTERNAL_CHECK,PENDING_EXTERNAL_CHECK,PENDING_EXTERNAL_CHECK,PENDING_EXTERNAL_CHECK,PENDING_EXTERNAL_CHECK,PENDING_EXTERNAL_CHECK,PENDING_EXTERNAL_CHECK,PENDING_EXTERNAL_CHECK,PENDING_EXTERNAL_CHECK,""
80,PAIR_2,PROVISIONAL_CONTROL,미추홀구,미추홀구,CHILD_1,숭의동,탄성코트시공,"숭의동 탄성코트시공","숭의동 탄성코트시공","https://www.barumspace.co.kr/?k=숭의동-탄성코트시공",V1,PENDING_EXTERNAL_CHECK,PENDING_EXTERNAL_CHECK,PENDING_EXTERNAL_CHECK,PENDING_EXTERNAL_CHECK,PENDING_EXTERNAL_CHECK,PENDING_EXTERNAL_CHECK,PENDING_EXTERNAL_CHECK,PENDING_EXTERNAL_CHECK,PENDING_EXTERNAL_CHECK,""
81,PAIR_2,PROVISIONAL_CONTROL,미추홀구,미추홀구,CHILD_1,숭의동,베란다탄성코트,"숭의동 베란다탄성코트","숭의동 베란다탄성코트","https://www.barumspace.co.kr/?k=숭의동-베란다탄성코트",V1,PENDING_EXTERNAL_CHECK,PENDING_EXTERNAL_CHECK,PENDING_EXTERNAL_CHECK,PENDING_EXTERNAL_CHECK,PENDING_EXTERNAL_CHECK,PENDING_EXTERNAL_CHECK,PENDING_EXTERNAL_CHECK,PENDING_EXTERNAL_CHECK,PENDING_EXTERNAL_CHECK,""
82,PAIR_2,PROVISIONAL_CONTROL,미추홀구,미추홀구,CHILD_1,숭의동,세탁실탄성코트,"숭의동 세탁실탄성코트","숭의동 세탁실탄성코트","https://www.barumspace.co.kr/?k=숭의동-세탁실탄성코트",V1,PENDING_EXTERNAL_CHECK,PENDING_EXTERNAL_CHECK,PENDING_EXTERNAL_CHECK,PENDING_EXTERNAL_CHECK,PENDING_EXTERNAL_CHECK,PENDING_EXTERNAL_CHECK,PENDING_EXTERNAL_CHECK,PENDING_EXTERNAL_CHECK,PENDING_EXTERNAL_CHECK,""
83,PAIR_2,PROVISIONAL_CONTROL,미추홀구,미추홀구,CHILD_1,숭의동,아파트탄성코트,"숭의동 아파트탄성코트","숭의동 아파트탄성코트","https://www.barumspace.co.kr/?k=숭의동-아파트탄성코트",V1,PENDING_EXTERNAL_CHECK,PENDING_EXTERNAL_CHECK,PENDING_EXTERNAL_CHECK,PENDING_EXTERNAL_CHECK,PENDING_EXTERNAL_CHECK,PENDING_EXTERNAL_CHECK,PENDING_EXTERNAL_CHECK,PENDING_EXTERNAL_CHECK,PENDING_EXTERNAL_CHECK,""
84,PAIR_2,PROVISIONAL_CONTROL,미추홀구,미추홀구,CHILD_1,숭의동,탄성코트업체,"숭의동 탄성코트업체","숭의동 탄성코트업체","https://www.barumspace.co.kr/?k=숭의동-탄성코트업체",V1,PENDING_EXTERNAL_CHECK,PENDING_EXTERNAL_CHECK,PENDING_EXTERNAL_CHECK,PENDING_EXTERNAL_CHECK,PENDING_EXTERNAL_CHECK,PENDING_EXTERNAL_CHECK,PENDING_EXTERNAL_CHECK,PENDING_EXTERNAL_CHECK,PENDING_EXTERNAL_CHECK,""
85,PAIR_2,PROVISIONAL_CONTROL,미추홀구,미추홀구,CHILD_2,학익동,탄성코트,"학익동 탄성코트","학익동 탄성코트","https://www.barumspace.co.kr/?k=학익동-탄성코트",V1,PENDING_EXTERNAL_CHECK,PENDING_EXTERNAL_CHECK,PENDING_EXTERNAL_CHECK,PENDING_EXTERNAL_CHECK,PENDING_EXTERNAL_CHECK,PENDING_EXTERNAL_CHECK,PENDING_EXTERNAL_CHECK,PENDING_EXTERNAL_CHECK,PENDING_EXTERNAL_CHECK,""
86,PAIR_2,PROVISIONAL_CONTROL,미추홀구,미추홀구,CHILD_2,학익동,탄성코트시공,"학익동 탄성코트시공","학익동 탄성코트시공","https://www.barumspace.co.kr/?k=학익동-탄성코트시공",V1,PENDING_EXTERNAL_CHECK,PENDING_EXTERNAL_CHECK,PENDING_EXTERNAL_CHECK,PENDING_EXTERNAL_CHECK,PENDING_EXTERNAL_CHECK,PENDING_EXTERNAL_CHECK,PENDING_EXTERNAL_CHECK,PENDING_EXTERNAL_CHECK,PENDING_EXTERNAL_CHECK,""
87,PAIR_2,PROVISIONAL_CONTROL,미추홀구,미추홀구,CHILD_2,학익동,베란다탄성코트,"학익동 베란다탄성코트","학익동 베란다탄성코트","https://www.barumspace.co.kr/?k=학익동-베란다탄성코트",V1,PENDING_EXTERNAL_CHECK,PENDING_EXTERNAL_CHECK,PENDING_EXTERNAL_CHECK,PENDING_EXTERNAL_CHECK,PENDING_EXTERNAL_CHECK,PENDING_EXTERNAL_CHECK,PENDING_EXTERNAL_CHECK,PENDING_EXTERNAL_CHECK,PENDING_EXTERNAL_CHECK,""
88,PAIR_2,PROVISIONAL_CONTROL,미추홀구,미추홀구,CHILD_2,학익동,세탁실탄성코트,"학익동 세탁실탄성코트","학익동 세탁실탄성코트","https://www.barumspace.co.kr/?k=학익동-세탁실탄성코트",V1,PENDING_EXTERNAL_CHECK,PENDING_EXTERNAL_CHECK,PENDING_EXTERNAL_CHECK,PENDING_EXTERNAL_CHECK,PENDING_EXTERNAL_CHECK,PENDING_EXTERNAL_CHECK,PENDING_EXTERNAL_CHECK,PENDING_EXTERNAL_CHECK,PENDING_EXTERNAL_CHECK,""
89,PAIR_2,PROVISIONAL_CONTROL,미추홀구,미추홀구,CHILD_2,학익동,아파트탄성코트,"학익동 아파트탄성코트","학익동 아파트탄성코트","https://www.barumspace.co.kr/?k=학익동-아파트탄성코트",V1,PENDING_EXTERNAL_CHECK,PENDING_EXTERNAL_CHECK,PENDING_EXTERNAL_CHECK,PENDING_EXTERNAL_CHECK,PENDING_EXTERNAL_CHECK,PENDING_EXTERNAL_CHECK,PENDING_EXTERNAL_CHECK,PENDING_EXTERNAL_CHECK,PENDING_EXTERNAL_CHECK,""
90,PAIR_2,PROVISIONAL_CONTROL,미추홀구,미추홀구,CHILD_2,학익동,탄성코트업체,"학익동 탄성코트업체","학익동 탄성코트업체","https://www.barumspace.co.kr/?k=학익동-탄성코트업체",V1,PENDING_EXTERNAL_CHECK,PENDING_EXTERNAL_CHECK,PENDING_EXTERNAL_CHECK,PENDING_EXTERNAL_CHECK,PENDING_EXTERNAL_CHECK,PENDING_EXTERNAL_CHECK,PENDING_EXTERNAL_CHECK,PENDING_EXTERNAL_CHECK,PENDING_EXTERNAL_CHECK,""
91,PAIR_2,PROVISIONAL_CONTROL,미추홀구,미추홀구,CHILD_3,문학동,탄성코트,"문학동 탄성코트","문학동 탄성코트","https://www.barumspace.co.kr/?k=문학동-탄성코트",V1,PENDING_EXTERNAL_CHECK,PENDING_EXTERNAL_CHECK,PENDING_EXTERNAL_CHECK,PENDING_EXTERNAL_CHECK,PENDING_EXTERNAL_CHECK,PENDING_EXTERNAL_CHECK,PENDING_EXTERNAL_CHECK,PENDING_EXTERNAL_CHECK,PENDING_EXTERNAL_CHECK,""
92,PAIR_2,PROVISIONAL_CONTROL,미추홀구,미추홀구,CHILD_3,문학동,탄성코트시공,"문학동 탄성코트시공","문학동 탄성코트시공","https://www.barumspace.co.kr/?k=문학동-탄성코트시공",V1,PENDING_EXTERNAL_CHECK,PENDING_EXTERNAL_CHECK,PENDING_EXTERNAL_CHECK,PENDING_EXTERNAL_CHECK,PENDING_EXTERNAL_CHECK,PENDING_EXTERNAL_CHECK,PENDING_EXTERNAL_CHECK,PENDING_EXTERNAL_CHECK,PENDING_EXTERNAL_CHECK,""
93,PAIR_2,PROVISIONAL_CONTROL,미추홀구,미추홀구,CHILD_3,문학동,베란다탄성코트,"문학동 베란다탄성코트","문학동 베란다탄성코트","https://www.barumspace.co.kr/?k=문학동-베란다탄성코트",V1,PENDING_EXTERNAL_CHECK,PENDING_EXTERNAL_CHECK,PENDING_EXTERNAL_CHECK,PENDING_EXTERNAL_CHECK,PENDING_EXTERNAL_CHECK,PENDING_EXTERNAL_CHECK,PENDING_EXTERNAL_CHECK,PENDING_EXTERNAL_CHECK,PENDING_EXTERNAL_CHECK,""
94,PAIR_2,PROVISIONAL_CONTROL,미추홀구,미추홀구,CHILD_3,문학동,세탁실탄성코트,"문학동 세탁실탄성코트","문학동 세탁실탄성코트","https://www.barumspace.co.kr/?k=문학동-세탁실탄성코트",V1,PENDING_EXTERNAL_CHECK,PENDING_EXTERNAL_CHECK,PENDING_EXTERNAL_CHECK,PENDING_EXTERNAL_CHECK,PENDING_EXTERNAL_CHECK,PENDING_EXTERNAL_CHECK,PENDING_EXTERNAL_CHECK,PENDING_EXTERNAL_CHECK,PENDING_EXTERNAL_CHECK,""
95,PAIR_2,PROVISIONAL_CONTROL,미추홀구,미추홀구,CHILD_3,문학동,아파트탄성코트,"문학동 아파트탄성코트","문학동 아파트탄성코트","https://www.barumspace.co.kr/?k=문학동-아파트탄성코트",V1,PENDING_EXTERNAL_CHECK,PENDING_EXTERNAL_CHECK,PENDING_EXTERNAL_CHECK,PENDING_EXTERNAL_CHECK,PENDING_EXTERNAL_CHECK,PENDING_EXTERNAL_CHECK,PENDING_EXTERNAL_CHECK,PENDING_EXTERNAL_CHECK,PENDING_EXTERNAL_CHECK,""
96,PAIR_2,PROVISIONAL_CONTROL,미추홀구,미추홀구,CHILD_3,문학동,탄성코트업체,"문학동 탄성코트업체","문학동 탄성코트업체","https://www.barumspace.co.kr/?k=문학동-탄성코트업체",V1,PENDING_EXTERNAL_CHECK,PENDING_EXTERNAL_CHECK,PENDING_EXTERNAL_CHECK,PENDING_EXTERNAL_CHECK,PENDING_EXTERNAL_CHECK,PENDING_EXTERNAL_CHECK,PENDING_EXTERNAL_CHECK,PENDING_EXTERNAL_CHECK,PENDING_EXTERNAL_CHECK,""
97,PAIR_3,TEST,영등포구,영등포구,PARENT,영등포구,탄성코트,"영등포구 탄성코트","영등포구 탄성코트","https://www.barumspace.co.kr/?k=영등포구-탄성코트",V1,PENDING_EXTERNAL_CHECK,PENDING_EXTERNAL_CHECK,PENDING_EXTERNAL_CHECK,PENDING_EXTERNAL_CHECK,PENDING_EXTERNAL_CHECK,PENDING_EXTERNAL_CHECK,PENDING_EXTERNAL_CHECK,PENDING_EXTERNAL_CHECK,PENDING_EXTERNAL_CHECK,""
98,PAIR_3,TEST,영등포구,영등포구,PARENT,영등포구,탄성코트시공,"영등포구 탄성코트시공","영등포구 탄성코트시공","https://www.barumspace.co.kr/?k=영등포구-탄성코트시공",V1,PENDING_EXTERNAL_CHECK,PENDING_EXTERNAL_CHECK,PENDING_EXTERNAL_CHECK,PENDING_EXTERNAL_CHECK,PENDING_EXTERNAL_CHECK,PENDING_EXTERNAL_CHECK,PENDING_EXTERNAL_CHECK,PENDING_EXTERNAL_CHECK,PENDING_EXTERNAL_CHECK,""
99,PAIR_3,TEST,영등포구,영등포구,PARENT,영등포구,베란다탄성코트,"영등포구 베란다탄성코트","영등포구 베란다탄성코트","https://www.barumspace.co.kr/?k=영등포구-베란다탄성코트",V1,PENDING_EXTERNAL_CHECK,PENDING_EXTERNAL_CHECK,PENDING_EXTERNAL_CHECK,PENDING_EXTERNAL_CHECK,PENDING_EXTERNAL_CHECK,PENDING_EXTERNAL_CHECK,PENDING_EXTERNAL_CHECK,PENDING_EXTERNAL_CHECK,PENDING_EXTERNAL_CHECK,""
100,PAIR_3,TEST,영등포구,영등포구,PARENT,영등포구,세탁실탄성코트,"영등포구 세탁실탄성코트","영등포구 세탁실탄성코트","https://www.barumspace.co.kr/?k=영등포구-세탁실탄성코트",V1,PENDING_EXTERNAL_CHECK,PENDING_EXTERNAL_CHECK,PENDING_EXTERNAL_CHECK,PENDING_EXTERNAL_CHECK,PENDING_EXTERNAL_CHECK,PENDING_EXTERNAL_CHECK,PENDING_EXTERNAL_CHECK,PENDING_EXTERNAL_CHECK,PENDING_EXTERNAL_CHECK,""
101,PAIR_3,TEST,영등포구,영등포구,PARENT,영등포구,아파트탄성코트,"영등포구 아파트탄성코트","영등포구 아파트탄성코트","https://www.barumspace.co.kr/?k=영등포구-아파트탄성코트",V1,PENDING_EXTERNAL_CHECK,PENDING_EXTERNAL_CHECK,PENDING_EXTERNAL_CHECK,PENDING_EXTERNAL_CHECK,PENDING_EXTERNAL_CHECK,PENDING_EXTERNAL_CHECK,PENDING_EXTERNAL_CHECK,PENDING_EXTERNAL_CHECK,PENDING_EXTERNAL_CHECK,""
102,PAIR_3,TEST,영등포구,영등포구,PARENT,영등포구,탄성코트업체,"영등포구 탄성코트업체","영등포구 탄성코트업체","https://www.barumspace.co.kr/?k=영등포구-탄성코트업체",V1,PENDING_EXTERNAL_CHECK,PENDING_EXTERNAL_CHECK,PENDING_EXTERNAL_CHECK,PENDING_EXTERNAL_CHECK,PENDING_EXTERNAL_CHECK,PENDING_EXTERNAL_CHECK,PENDING_EXTERNAL_CHECK,PENDING_EXTERNAL_CHECK,PENDING_EXTERNAL_CHECK,""
103,PAIR_3,TEST,영등포구,영등포구,CHILD_1,여의도동,탄성코트,"여의도동 탄성코트","여의도동 탄성코트","https://www.barumspace.co.kr/?k=여의도동-탄성코트",V1,PENDING_EXTERNAL_CHECK,PENDING_EXTERNAL_CHECK,PENDING_EXTERNAL_CHECK,PENDING_EXTERNAL_CHECK,PENDING_EXTERNAL_CHECK,PENDING_EXTERNAL_CHECK,PENDING_EXTERNAL_CHECK,PENDING_EXTERNAL_CHECK,PENDING_EXTERNAL_CHECK,""
104,PAIR_3,TEST,영등포구,영등포구,CHILD_1,여의도동,탄성코트시공,"여의도동 탄성코트시공","여의도동 탄성코트시공","https://www.barumspace.co.kr/?k=여의도동-탄성코트시공",V1,PENDING_EXTERNAL_CHECK,PENDING_EXTERNAL_CHECK,PENDING_EXTERNAL_CHECK,PENDING_EXTERNAL_CHECK,PENDING_EXTERNAL_CHECK,PENDING_EXTERNAL_CHECK,PENDING_EXTERNAL_CHECK,PENDING_EXTERNAL_CHECK,PENDING_EXTERNAL_CHECK,""
105,PAIR_3,TEST,영등포구,영등포구,CHILD_1,여의도동,베란다탄성코트,"여의도동 베란다탄성코트","여의도동 베란다탄성코트","https://www.barumspace.co.kr/?k=여의도동-베란다탄성코트",V1,PENDING_EXTERNAL_CHECK,PENDING_EXTERNAL_CHECK,PENDING_EXTERNAL_CHECK,PENDING_EXTERNAL_CHECK,PENDING_EXTERNAL_CHECK,PENDING_EXTERNAL_CHECK,PENDING_EXTERNAL_CHECK,PENDING_EXTERNAL_CHECK,PENDING_EXTERNAL_CHECK,""
106,PAIR_3,TEST,영등포구,영등포구,CHILD_1,여의도동,세탁실탄성코트,"여의도동 세탁실탄성코트","여의도동 세탁실탄성코트","https://www.barumspace.co.kr/?k=여의도동-세탁실탄성코트",V1,PENDING_EXTERNAL_CHECK,PENDING_EXTERNAL_CHECK,PENDING_EXTERNAL_CHECK,PENDING_EXTERNAL_CHECK,PENDING_EXTERNAL_CHECK,PENDING_EXTERNAL_CHECK,PENDING_EXTERNAL_CHECK,PENDING_EXTERNAL_CHECK,PENDING_EXTERNAL_CHECK,""
107,PAIR_3,TEST,영등포구,영등포구,CHILD_1,여의도동,아파트탄성코트,"여의도동 아파트탄성코트","여의도동 아파트탄성코트","https://www.barumspace.co.kr/?k=여의도동-아파트탄성코트",V1,PENDING_EXTERNAL_CHECK,PENDING_EXTERNAL_CHECK,PENDING_EXTERNAL_CHECK,PENDING_EXTERNAL_CHECK,PENDING_EXTERNAL_CHECK,PENDING_EXTERNAL_CHECK,PENDING_EXTERNAL_CHECK,PENDING_EXTERNAL_CHECK,PENDING_EXTERNAL_CHECK,""
108,PAIR_3,TEST,영등포구,영등포구,CHILD_1,여의도동,탄성코트업체,"여의도동 탄성코트업체","여의도동 탄성코트업체","https://www.barumspace.co.kr/?k=여의도동-탄성코트업체",V1,PENDING_EXTERNAL_CHECK,PENDING_EXTERNAL_CHECK,PENDING_EXTERNAL_CHECK,PENDING_EXTERNAL_CHECK,PENDING_EXTERNAL_CHECK,PENDING_EXTERNAL_CHECK,PENDING_EXTERNAL_CHECK,PENDING_EXTERNAL_CHECK,PENDING_EXTERNAL_CHECK,""
109,PAIR_3,TEST,영등포구,영등포구,CHILD_2,문래동,탄성코트,"문래동 탄성코트","문래동 탄성코트","https://www.barumspace.co.kr/?k=문래동-탄성코트",V1,PENDING_EXTERNAL_CHECK,PENDING_EXTERNAL_CHECK,PENDING_EXTERNAL_CHECK,PENDING_EXTERNAL_CHECK,PENDING_EXTERNAL_CHECK,PENDING_EXTERNAL_CHECK,PENDING_EXTERNAL_CHECK,PENDING_EXTERNAL_CHECK,PENDING_EXTERNAL_CHECK,""
110,PAIR_3,TEST,영등포구,영등포구,CHILD_2,문래동,탄성코트시공,"문래동 탄성코트시공","문래동 탄성코트시공","https://www.barumspace.co.kr/?k=문래동-탄성코트시공",V1,PENDING_EXTERNAL_CHECK,PENDING_EXTERNAL_CHECK,PENDING_EXTERNAL_CHECK,PENDING_EXTERNAL_CHECK,PENDING_EXTERNAL_CHECK,PENDING_EXTERNAL_CHECK,PENDING_EXTERNAL_CHECK,PENDING_EXTERNAL_CHECK,PENDING_EXTERNAL_CHECK,""
111,PAIR_3,TEST,영등포구,영등포구,CHILD_2,문래동,베란다탄성코트,"문래동 베란다탄성코트","문래동 베란다탄성코트","https://www.barumspace.co.kr/?k=문래동-베란다탄성코트",V1,PENDING_EXTERNAL_CHECK,PENDING_EXTERNAL_CHECK,PENDING_EXTERNAL_CHECK,PENDING_EXTERNAL_CHECK,PENDING_EXTERNAL_CHECK,PENDING_EXTERNAL_CHECK,PENDING_EXTERNAL_CHECK,PENDING_EXTERNAL_CHECK,PENDING_EXTERNAL_CHECK,""
112,PAIR_3,TEST,영등포구,영등포구,CHILD_2,문래동,세탁실탄성코트,"문래동 세탁실탄성코트","문래동 세탁실탄성코트","https://www.barumspace.co.kr/?k=문래동-세탁실탄성코트",V1,PENDING_EXTERNAL_CHECK,PENDING_EXTERNAL_CHECK,PENDING_EXTERNAL_CHECK,PENDING_EXTERNAL_CHECK,PENDING_EXTERNAL_CHECK,PENDING_EXTERNAL_CHECK,PENDING_EXTERNAL_CHECK,PENDING_EXTERNAL_CHECK,PENDING_EXTERNAL_CHECK,""
113,PAIR_3,TEST,영등포구,영등포구,CHILD_2,문래동,아파트탄성코트,"문래동 아파트탄성코트","문래동 아파트탄성코트","https://www.barumspace.co.kr/?k=문래동-아파트탄성코트",V1,PENDING_EXTERNAL_CHECK,PENDING_EXTERNAL_CHECK,PENDING_EXTERNAL_CHECK,PENDING_EXTERNAL_CHECK,PENDING_EXTERNAL_CHECK,PENDING_EXTERNAL_CHECK,PENDING_EXTERNAL_CHECK,PENDING_EXTERNAL_CHECK,PENDING_EXTERNAL_CHECK,""
114,PAIR_3,TEST,영등포구,영등포구,CHILD_2,문래동,탄성코트업체,"문래동 탄성코트업체","문래동 탄성코트업체","https://www.barumspace.co.kr/?k=문래동-탄성코트업체",V1,PENDING_EXTERNAL_CHECK,PENDING_EXTERNAL_CHECK,PENDING_EXTERNAL_CHECK,PENDING_EXTERNAL_CHECK,PENDING_EXTERNAL_CHECK,PENDING_EXTERNAL_CHECK,PENDING_EXTERNAL_CHECK,PENDING_EXTERNAL_CHECK,PENDING_EXTERNAL_CHECK,""
115,PAIR_3,TEST,영등포구,영등포구,CHILD_3,도림동,탄성코트,"도림동 탄성코트","도림동 탄성코트","https://www.barumspace.co.kr/?k=도림동-탄성코트",V1,PENDING_EXTERNAL_CHECK,PENDING_EXTERNAL_CHECK,PENDING_EXTERNAL_CHECK,PENDING_EXTERNAL_CHECK,PENDING_EXTERNAL_CHECK,PENDING_EXTERNAL_CHECK,PENDING_EXTERNAL_CHECK,PENDING_EXTERNAL_CHECK,PENDING_EXTERNAL_CHECK,""
116,PAIR_3,TEST,영등포구,영등포구,CHILD_3,도림동,탄성코트시공,"도림동 탄성코트시공","도림동 탄성코트시공","https://www.barumspace.co.kr/?k=도림동-탄성코트시공",V1,PENDING_EXTERNAL_CHECK,PENDING_EXTERNAL_CHECK,PENDING_EXTERNAL_CHECK,PENDING_EXTERNAL_CHECK,PENDING_EXTERNAL_CHECK,PENDING_EXTERNAL_CHECK,PENDING_EXTERNAL_CHECK,PENDING_EXTERNAL_CHECK,PENDING_EXTERNAL_CHECK,""
117,PAIR_3,TEST,영등포구,영등포구,CHILD_3,도림동,베란다탄성코트,"도림동 베란다탄성코트","도림동 베란다탄성코트","https://www.barumspace.co.kr/?k=도림동-베란다탄성코트",V1,PENDING_EXTERNAL_CHECK,PENDING_EXTERNAL_CHECK,PENDING_EXTERNAL_CHECK,PENDING_EXTERNAL_CHECK,PENDING_EXTERNAL_CHECK,PENDING_EXTERNAL_CHECK,PENDING_EXTERNAL_CHECK,PENDING_EXTERNAL_CHECK,PENDING_EXTERNAL_CHECK,""
118,PAIR_3,TEST,영등포구,영등포구,CHILD_3,도림동,세탁실탄성코트,"도림동 세탁실탄성코트","도림동 세탁실탄성코트","https://www.barumspace.co.kr/?k=도림동-세탁실탄성코트",V1,PENDING_EXTERNAL_CHECK,PENDING_EXTERNAL_CHECK,PENDING_EXTERNAL_CHECK,PENDING_EXTERNAL_CHECK,PENDING_EXTERNAL_CHECK,PENDING_EXTERNAL_CHECK,PENDING_EXTERNAL_CHECK,PENDING_EXTERNAL_CHECK,PENDING_EXTERNAL_CHECK,""
119,PAIR_3,TEST,영등포구,영등포구,CHILD_3,도림동,아파트탄성코트,"도림동 아파트탄성코트","도림동 아파트탄성코트","https://www.barumspace.co.kr/?k=도림동-아파트탄성코트",V1,PENDING_EXTERNAL_CHECK,PENDING_EXTERNAL_CHECK,PENDING_EXTERNAL_CHECK,PENDING_EXTERNAL_CHECK,PENDING_EXTERNAL_CHECK,PENDING_EXTERNAL_CHECK,PENDING_EXTERNAL_CHECK,PENDING_EXTERNAL_CHECK,PENDING_EXTERNAL_CHECK,""
120,PAIR_3,TEST,영등포구,영등포구,CHILD_3,도림동,탄성코트업체,"도림동 탄성코트업체","도림동 탄성코트업체","https://www.barumspace.co.kr/?k=도림동-탄성코트업체",V1,PENDING_EXTERNAL_CHECK,PENDING_EXTERNAL_CHECK,PENDING_EXTERNAL_CHECK,PENDING_EXTERNAL_CHECK,PENDING_EXTERNAL_CHECK,PENDING_EXTERNAL_CHECK,PENDING_EXTERNAL_CHECK,PENDING_EXTERNAL_CHECK,PENDING_EXTERNAL_CHECK,""
121,PAIR_3,PROVISIONAL_CONTROL,광명시,광명시,PARENT,광명시,탄성코트,"광명시 탄성코트","광명시 탄성코트","https://www.barumspace.co.kr/?k=광명시-탄성코트",V1,PENDING_EXTERNAL_CHECK,PENDING_EXTERNAL_CHECK,PENDING_EXTERNAL_CHECK,PENDING_EXTERNAL_CHECK,PENDING_EXTERNAL_CHECK,PENDING_EXTERNAL_CHECK,PENDING_EXTERNAL_CHECK,PENDING_EXTERNAL_CHECK,PENDING_EXTERNAL_CHECK,""
122,PAIR_3,PROVISIONAL_CONTROL,광명시,광명시,PARENT,광명시,탄성코트시공,"광명시 탄성코트시공","광명시 탄성코트시공","https://www.barumspace.co.kr/?k=광명시-탄성코트시공",V1,PENDING_EXTERNAL_CHECK,PENDING_EXTERNAL_CHECK,PENDING_EXTERNAL_CHECK,PENDING_EXTERNAL_CHECK,PENDING_EXTERNAL_CHECK,PENDING_EXTERNAL_CHECK,PENDING_EXTERNAL_CHECK,PENDING_EXTERNAL_CHECK,PENDING_EXTERNAL_CHECK,""
123,PAIR_3,PROVISIONAL_CONTROL,광명시,광명시,PARENT,광명시,베란다탄성코트,"광명시 베란다탄성코트","광명시 베란다탄성코트","https://www.barumspace.co.kr/?k=광명시-베란다탄성코트",V1,PENDING_EXTERNAL_CHECK,PENDING_EXTERNAL_CHECK,PENDING_EXTERNAL_CHECK,PENDING_EXTERNAL_CHECK,PENDING_EXTERNAL_CHECK,PENDING_EXTERNAL_CHECK,PENDING_EXTERNAL_CHECK,PENDING_EXTERNAL_CHECK,PENDING_EXTERNAL_CHECK,""
124,PAIR_3,PROVISIONAL_CONTROL,광명시,광명시,PARENT,광명시,세탁실탄성코트,"광명시 세탁실탄성코트","광명시 세탁실탄성코트","https://www.barumspace.co.kr/?k=광명시-세탁실탄성코트",V1,PENDING_EXTERNAL_CHECK,PENDING_EXTERNAL_CHECK,PENDING_EXTERNAL_CHECK,PENDING_EXTERNAL_CHECK,PENDING_EXTERNAL_CHECK,PENDING_EXTERNAL_CHECK,PENDING_EXTERNAL_CHECK,PENDING_EXTERNAL_CHECK,PENDING_EXTERNAL_CHECK,""
125,PAIR_3,PROVISIONAL_CONTROL,광명시,광명시,PARENT,광명시,아파트탄성코트,"광명시 아파트탄성코트","광명시 아파트탄성코트","https://www.barumspace.co.kr/?k=광명시-아파트탄성코트",V1,PENDING_EXTERNAL_CHECK,PENDING_EXTERNAL_CHECK,PENDING_EXTERNAL_CHECK,PENDING_EXTERNAL_CHECK,PENDING_EXTERNAL_CHECK,PENDING_EXTERNAL_CHECK,PENDING_EXTERNAL_CHECK,PENDING_EXTERNAL_CHECK,PENDING_EXTERNAL_CHECK,""
126,PAIR_3,PROVISIONAL_CONTROL,광명시,광명시,PARENT,광명시,탄성코트업체,"광명시 탄성코트업체","광명시 탄성코트업체","https://www.barumspace.co.kr/?k=광명시-탄성코트업체",V1,PENDING_EXTERNAL_CHECK,PENDING_EXTERNAL_CHECK,PENDING_EXTERNAL_CHECK,PENDING_EXTERNAL_CHECK,PENDING_EXTERNAL_CHECK,PENDING_EXTERNAL_CHECK,PENDING_EXTERNAL_CHECK,PENDING_EXTERNAL_CHECK,PENDING_EXTERNAL_CHECK,""
127,PAIR_3,PROVISIONAL_CONTROL,광명시,광명시,CHILD_1,광명동,탄성코트,"광명동 탄성코트","광명동 탄성코트","https://www.barumspace.co.kr/?k=광명동-탄성코트",V1,PENDING_EXTERNAL_CHECK,PENDING_EXTERNAL_CHECK,PENDING_EXTERNAL_CHECK,PENDING_EXTERNAL_CHECK,PENDING_EXTERNAL_CHECK,PENDING_EXTERNAL_CHECK,PENDING_EXTERNAL_CHECK,PENDING_EXTERNAL_CHECK,PENDING_EXTERNAL_CHECK,""
128,PAIR_3,PROVISIONAL_CONTROL,광명시,광명시,CHILD_1,광명동,탄성코트시공,"광명동 탄성코트시공","광명동 탄성코트시공","https://www.barumspace.co.kr/?k=광명동-탄성코트시공",V1,PENDING_EXTERNAL_CHECK,PENDING_EXTERNAL_CHECK,PENDING_EXTERNAL_CHECK,PENDING_EXTERNAL_CHECK,PENDING_EXTERNAL_CHECK,PENDING_EXTERNAL_CHECK,PENDING_EXTERNAL_CHECK,PENDING_EXTERNAL_CHECK,PENDING_EXTERNAL_CHECK,""
129,PAIR_3,PROVISIONAL_CONTROL,광명시,광명시,CHILD_1,광명동,베란다탄성코트,"광명동 베란다탄성코트","광명동 베란다탄성코트","https://www.barumspace.co.kr/?k=광명동-베란다탄성코트",V1,PENDING_EXTERNAL_CHECK,PENDING_EXTERNAL_CHECK,PENDING_EXTERNAL_CHECK,PENDING_EXTERNAL_CHECK,PENDING_EXTERNAL_CHECK,PENDING_EXTERNAL_CHECK,PENDING_EXTERNAL_CHECK,PENDING_EXTERNAL_CHECK,PENDING_EXTERNAL_CHECK,""
130,PAIR_3,PROVISIONAL_CONTROL,광명시,광명시,CHILD_1,광명동,세탁실탄성코트,"광명동 세탁실탄성코트","광명동 세탁실탄성코트","https://www.barumspace.co.kr/?k=광명동-세탁실탄성코트",V1,PENDING_EXTERNAL_CHECK,PENDING_EXTERNAL_CHECK,PENDING_EXTERNAL_CHECK,PENDING_EXTERNAL_CHECK,PENDING_EXTERNAL_CHECK,PENDING_EXTERNAL_CHECK,PENDING_EXTERNAL_CHECK,PENDING_EXTERNAL_CHECK,PENDING_EXTERNAL_CHECK,""
131,PAIR_3,PROVISIONAL_CONTROL,광명시,광명시,CHILD_1,광명동,아파트탄성코트,"광명동 아파트탄성코트","광명동 아파트탄성코트","https://www.barumspace.co.kr/?k=광명동-아파트탄성코트",V1,PENDING_EXTERNAL_CHECK,PENDING_EXTERNAL_CHECK,PENDING_EXTERNAL_CHECK,PENDING_EXTERNAL_CHECK,PENDING_EXTERNAL_CHECK,PENDING_EXTERNAL_CHECK,PENDING_EXTERNAL_CHECK,PENDING_EXTERNAL_CHECK,PENDING_EXTERNAL_CHECK,""
132,PAIR_3,PROVISIONAL_CONTROL,광명시,광명시,CHILD_1,광명동,탄성코트업체,"광명동 탄성코트업체","광명동 탄성코트업체","https://www.barumspace.co.kr/?k=광명동-탄성코트업체",V1,PENDING_EXTERNAL_CHECK,PENDING_EXTERNAL_CHECK,PENDING_EXTERNAL_CHECK,PENDING_EXTERNAL_CHECK,PENDING_EXTERNAL_CHECK,PENDING_EXTERNAL_CHECK,PENDING_EXTERNAL_CHECK,PENDING_EXTERNAL_CHECK,PENDING_EXTERNAL_CHECK,""
133,PAIR_3,PROVISIONAL_CONTROL,광명시,광명시,CHILD_2,하안동,탄성코트,"하안동 탄성코트","하안동 탄성코트","https://www.barumspace.co.kr/?k=하안동-탄성코트",V1,PENDING_EXTERNAL_CHECK,PENDING_EXTERNAL_CHECK,PENDING_EXTERNAL_CHECK,PENDING_EXTERNAL_CHECK,PENDING_EXTERNAL_CHECK,PENDING_EXTERNAL_CHECK,PENDING_EXTERNAL_CHECK,PENDING_EXTERNAL_CHECK,PENDING_EXTERNAL_CHECK,""
134,PAIR_3,PROVISIONAL_CONTROL,광명시,광명시,CHILD_2,하안동,탄성코트시공,"하안동 탄성코트시공","하안동 탄성코트시공","https://www.barumspace.co.kr/?k=하안동-탄성코트시공",V1,PENDING_EXTERNAL_CHECK,PENDING_EXTERNAL_CHECK,PENDING_EXTERNAL_CHECK,PENDING_EXTERNAL_CHECK,PENDING_EXTERNAL_CHECK,PENDING_EXTERNAL_CHECK,PENDING_EXTERNAL_CHECK,PENDING_EXTERNAL_CHECK,PENDING_EXTERNAL_CHECK,""
135,PAIR_3,PROVISIONAL_CONTROL,광명시,광명시,CHILD_2,하안동,베란다탄성코트,"하안동 베란다탄성코트","하안동 베란다탄성코트","https://www.barumspace.co.kr/?k=하안동-베란다탄성코트",V1,PENDING_EXTERNAL_CHECK,PENDING_EXTERNAL_CHECK,PENDING_EXTERNAL_CHECK,PENDING_EXTERNAL_CHECK,PENDING_EXTERNAL_CHECK,PENDING_EXTERNAL_CHECK,PENDING_EXTERNAL_CHECK,PENDING_EXTERNAL_CHECK,PENDING_EXTERNAL_CHECK,""
136,PAIR_3,PROVISIONAL_CONTROL,광명시,광명시,CHILD_2,하안동,세탁실탄성코트,"하안동 세탁실탄성코트","하안동 세탁실탄성코트","https://www.barumspace.co.kr/?k=하안동-세탁실탄성코트",V1,PENDING_EXTERNAL_CHECK,PENDING_EXTERNAL_CHECK,PENDING_EXTERNAL_CHECK,PENDING_EXTERNAL_CHECK,PENDING_EXTERNAL_CHECK,PENDING_EXTERNAL_CHECK,PENDING_EXTERNAL_CHECK,PENDING_EXTERNAL_CHECK,PENDING_EXTERNAL_CHECK,""
137,PAIR_3,PROVISIONAL_CONTROL,광명시,광명시,CHILD_2,하안동,아파트탄성코트,"하안동 아파트탄성코트","하안동 아파트탄성코트","https://www.barumspace.co.kr/?k=하안동-아파트탄성코트",V1,PENDING_EXTERNAL_CHECK,PENDING_EXTERNAL_CHECK,PENDING_EXTERNAL_CHECK,PENDING_EXTERNAL_CHECK,PENDING_EXTERNAL_CHECK,PENDING_EXTERNAL_CHECK,PENDING_EXTERNAL_CHECK,PENDING_EXTERNAL_CHECK,PENDING_EXTERNAL_CHECK,""
138,PAIR_3,PROVISIONAL_CONTROL,광명시,광명시,CHILD_2,하안동,탄성코트업체,"하안동 탄성코트업체","하안동 탄성코트업체","https://www.barumspace.co.kr/?k=하안동-탄성코트업체",V1,PENDING_EXTERNAL_CHECK,PENDING_EXTERNAL_CHECK,PENDING_EXTERNAL_CHECK,PENDING_EXTERNAL_CHECK,PENDING_EXTERNAL_CHECK,PENDING_EXTERNAL_CHECK,PENDING_EXTERNAL_CHECK,PENDING_EXTERNAL_CHECK,PENDING_EXTERNAL_CHECK,""
139,PAIR_3,PROVISIONAL_CONTROL,광명시,광명시,CHILD_3,옥길동,탄성코트,"옥길동 탄성코트","옥길동 탄성코트","https://www.barumspace.co.kr/?k=옥길동-탄성코트",V1,PENDING_EXTERNAL_CHECK,PENDING_EXTERNAL_CHECK,PENDING_EXTERNAL_CHECK,PENDING_EXTERNAL_CHECK,PENDING_EXTERNAL_CHECK,PENDING_EXTERNAL_CHECK,PENDING_EXTERNAL_CHECK,PENDING_EXTERNAL_CHECK,PENDING_EXTERNAL_CHECK,""
140,PAIR_3,PROVISIONAL_CONTROL,광명시,광명시,CHILD_3,옥길동,탄성코트시공,"옥길동 탄성코트시공","옥길동 탄성코트시공","https://www.barumspace.co.kr/?k=옥길동-탄성코트시공",V1,PENDING_EXTERNAL_CHECK,PENDING_EXTERNAL_CHECK,PENDING_EXTERNAL_CHECK,PENDING_EXTERNAL_CHECK,PENDING_EXTERNAL_CHECK,PENDING_EXTERNAL_CHECK,PENDING_EXTERNAL_CHECK,PENDING_EXTERNAL_CHECK,PENDING_EXTERNAL_CHECK,""
141,PAIR_3,PROVISIONAL_CONTROL,광명시,광명시,CHILD_3,옥길동,베란다탄성코트,"옥길동 베란다탄성코트","옥길동 베란다탄성코트","https://www.barumspace.co.kr/?k=옥길동-베란다탄성코트",V1,PENDING_EXTERNAL_CHECK,PENDING_EXTERNAL_CHECK,PENDING_EXTERNAL_CHECK,PENDING_EXTERNAL_CHECK,PENDING_EXTERNAL_CHECK,PENDING_EXTERNAL_CHECK,PENDING_EXTERNAL_CHECK,PENDING_EXTERNAL_CHECK,PENDING_EXTERNAL_CHECK,""
142,PAIR_3,PROVISIONAL_CONTROL,광명시,광명시,CHILD_3,옥길동,세탁실탄성코트,"옥길동 세탁실탄성코트","옥길동 세탁실탄성코트","https://www.barumspace.co.kr/?k=옥길동-세탁실탄성코트",V1,PENDING_EXTERNAL_CHECK,PENDING_EXTERNAL_CHECK,PENDING_EXTERNAL_CHECK,PENDING_EXTERNAL_CHECK,PENDING_EXTERNAL_CHECK,PENDING_EXTERNAL_CHECK,PENDING_EXTERNAL_CHECK,PENDING_EXTERNAL_CHECK,PENDING_EXTERNAL_CHECK,""
143,PAIR_3,PROVISIONAL_CONTROL,광명시,광명시,CHILD_3,옥길동,아파트탄성코트,"옥길동 아파트탄성코트","옥길동 아파트탄성코트","https://www.barumspace.co.kr/?k=옥길동-아파트탄성코트",V1,PENDING_EXTERNAL_CHECK,PENDING_EXTERNAL_CHECK,PENDING_EXTERNAL_CHECK,PENDING_EXTERNAL_CHECK,PENDING_EXTERNAL_CHECK,PENDING_EXTERNAL_CHECK,PENDING_EXTERNAL_CHECK,PENDING_EXTERNAL_CHECK,PENDING_EXTERNAL_CHECK,""
144,PAIR_3,PROVISIONAL_CONTROL,광명시,광명시,CHILD_3,옥길동,탄성코트업체,"옥길동 탄성코트업체","옥길동 탄성코트업체","https://www.barumspace.co.kr/?k=옥길동-탄성코트업체",V1,PENDING_EXTERNAL_CHECK,PENDING_EXTERNAL_CHECK,PENDING_EXTERNAL_CHECK,PENDING_EXTERNAL_CHECK,PENDING_EXTERNAL_CHECK,PENDING_EXTERNAL_CHECK,PENDING_EXTERNAL_CHECK,PENDING_EXTERNAL_CHECK,PENDING_EXTERNAL_CHECK,""